Unnamed: 0,o_fnid,fnid,cnt,stime,etime
0,15063,15063,14.0,2022-10-10 00:00:01,2022-10-10 00:15:24
1,32974,32974,22.0,2022-10-10 00:00:01,2022-10-10 00:08:33
2,56799,56799,11.0,2022-10-10 00:00:02,2022-10-10 00:14:33
3,54131,54131,7.0,2022-10-10 00:00:03,2022-10-10 00:00:03
4,24421,24421,11.0,2022-10-10 00:00:03,2022-10-10 00:29:56
5,46158,46158,4.0,2022-10-10 00:00:03,2022-10-10 14:08:50
6,37371,37371,30.0,2022-10-10 00:00:03,2022-10-10 00:21:14
7,12962,12962,17.0,2022-10-10 00:00:03,2022-10-10 00:09:46
8,54131,54131,7.0,2022-10-10 00:00:03,2022-10-10 00:12:55
9,31179,31179,5.0,2022-10-10 00:00:03,2022-10-10 00:15:49
10,23599,23599,27.0,2022-10-10 00:00:03,2022-10-10 00:10:51
11,20755,20755,16.0,2022-10-10 00:00:04,2022-10-10 00:06:50
12,42967,42967,23.0,2022-10-10 00:00:04,2022-10-10 02:15:28
13,33668,33668,6.0,2022-10-10 00:00:04,2022-10-10 00:00:04
14,34397,34397,14.0,2022-10-10 00:00:04,2022-10-10 00:14:23
15,21475,21475,74.0,2022-10-10 00:00:04,2022-10-10 00:16:26
16,30165,30165,11.0,2022-10-10 00:00:04,2022-10-10 00:16:02
17,33668,33668,6.0,2022-10-10 00:00:04,2022-10-10 12:22:35
18,43976,43976,4.0,2022-10-10 00:00:04,2022-10-10 08:44:08
19,34741,34741,15.0,2022-10-10 00:00:04,2022-10-10 00:13:37
20,52542,52542,18.0,2022-10-10 00:00:05,2022-10-10 08:06:53
21,34043,34043,5.0,2022-10-10 00:00:05,2022-10-10 00:08:38
22,21578,21578,47.0,2022-10-10 00:00:05,2022-10-10 00:14:47
23,47504,47504,14.0,2022-10-10 00:00:05,2022-10-10 08:23:56
24,36661,36661,20.0,2022-10-10 00:00:05,2022-10-10 00:08:49
25,47504,47504,14.0,2022-10-10 00:00:05,2022-10-10 00:00:05
26,21819,21819,9.0,2022-10-10 00:00:05,2022-10-10 03:21:17
27,14058,14058,8.0,2022-10-10 00:00:06,2022-10-10 00:21:23
28,21469,21469,22.0,2022-10-10 00:00:06,2022-10-10 01:22:20
29,37368,37368,20.0,2022-10-10 00:00:06,2022-10-10 06:43:37
30,54131,54131,23.0,2022-10-10 00:00:06,2022-10-10 00:12:56
31,14056,14056,6.0,2022-10-10 00:00:06,2022-10-10 01:23:33
32,12919,12919,13.0,2022-10-10 00:00:06,2022-10-10 01:58:10
33,31185,31185,27.0,2022-10-10 00:00:06,2022-10-10 00:47:26
34,32591,32591,5.0,2022-10-10 00:00:06,2022-10-10 10:11:40
35,47335,47335,18.0,2022-10-10 00:00:06,2022-10-10 00:08:54
36,39726,39726,51.0,2022-10-10 00:00:06,2022-10-10 00:10:39
37,26562,26562,14.0,2022-10-10 00:00:07,2022-10-10 10:35:27
38,14058,14058,2.0,2022-10-10 00:00:07,2022-10-10 23:22:41
39,44734,44378,9.0,2022-10-10 00:00:07,2022-10-10 03:13:02
40,26562,26562,14.0,2022-10-10 00:00:07,2022-10-10 00:00:07
41,47378,47378,21.0,2022-10-10 00:00:07,2022-10-10 00:06:17
42,25044,25044,38.0,2022-10-10 00:00:07,2022-10-10 00:00:07
43,21125,21125,9.0,2022-10-10 00:00:07,2022-10-10 00:16:05
44,31959,31959,12.0,2022-10-10 00:00:07,2022-10-10 08:03:57
45,34398,34398,18.0,2022-10-10 00:00:07,2022-10-10 00:14:56
46,25044,25044,38.0,2022-10-10 00:00:07,2022-10-10 00:06:19
47,36661,36661,7.0,2022-10-10 00:00:07,2022-10-10 08:08:52
48,23711,23711,22.0,2022-10-10 00:00:07,2022-10-10 01:27:24
49,35852,35852,15.0,2022-10-10 00:00:08,2022-10-10 07:36:13
50,42688,42688,10.0,2022-10-10 00:00:08,2022-10-10 00:19:48
51,19323,19323,20.0,2022-10-10 00:00:08,2022-10-10 00:07:21
52,29764,29764,5.0,2022-10-10 00:00:08,2022-10-10 08:04:35
53,34026,34026,4.0,2022-10-10 00:00:08,2022-10-10 08:49:47
54,13989,13989,4.0,2022-10-10 00:00:08,2022-10-10 02:46:51
55,28672,28672,16.0,2022-10-10 00:00:08,2022-10-10 00:22:52
56,30619,30619,6.0,2022-10-10 00:00:08,2022-10-10 07:10:04
57,34017,34017,7.0,2022-10-10 00:00:09,2022-10-10 12:15:26
58,32674,32674,7.0,2022-10-10 00:00:09,2022-10-10 16:20:29
59,15063,15063,22.0,2022-10-10 00:00:09,2022-10-10 00:35:50
60,23711,23711,12.0,2022-10-10 00:00:09,2022-10-10 01:37:57
61,27295,27295,13.0,2022-10-10 00:00:09,2022-10-10 00:12:51
62,30827,30827,6.0,2022-10-10 00:00:09,2022-10-10 00:19:49
63,36872,36872,8.0,2022-10-10 00:00:09,2022-10-10 00:52:06
64,36872,36872,8.0,2022-10-10 00:00:09,2022-10-10 00:00:09
65,23292,35443,10.0,2022-10-10 00:00:10,2022-10-10 05:48:38
66,37200,37200,25.0,2022-10-10 00:00:10,2022-10-10 00:52:26
67,46076,46076,17.0,2022-10-10 00:00:10,2022-10-10 00:11:46
68,42250,42250,11.0,2022-10-10 00:00:10,2022-10-10 01:11:34
69,49518,49518,22.0,2022-10-10 00:00:10,2022-10-10 01:00:56
70,24398,24398,14.0,2022-10-10 00:00:10,2022-10-10 00:18:48
71,35853,35853,27.0,2022-10-10 00:00:11,2022-10-10 00:53:30
72,36790,36790,12.0,2022-10-10 00:00:11,2022-10-10 00:35:51
73,35853,35853,27.0,2022-10-10 00:00:11,2022-10-10 00:00:11
74,34383,34383,7.0,2022-10-10 00:00:11,2022-10-10 00:31:32
75,41968,41968,5.0,2022-10-10 00:00:11,2022-10-10 00:06:54
76,39725,39725,16.0,2022-10-10 00:00:11,2022-10-10 07:40:29
77,45186,45186,6.0,2022-10-10 00:00:12,2022-10-10 00:10:16
78,21482,21482,4.0,2022-10-10 00:00:12,2022-10-10 00:40:09
79,29760,29760,5.0,2022-10-10 00:00:12,2022-10-10 09:33:20
80,21116,21116,33.0,2022-10-10 00:00:12,2022-10-10 00:10:07
81,19683,19683,6.0,2022-10-10 00:00:12,2022-10-10 17:02:30
82,29405,29405,18.0,2022-10-10 00:00:12,2022-10-10 00:07:08
83,30828,30828,33.0,2022-10-10 00:00:12,2022-10-10 07:20:31
84,29033,29033,2.0,2022-10-10 00:00:12,2022-10-10 00:46:28
85,30828,30828,33.0,2022-10-10 00:00:12,2022-10-10 00:00:12
86,39485,39485,15.0,2022-10-10 00:00:12,2022-10-10 00:38:47
87,25111,25111,15.0,2022-10-10 00:00:13,2022-10-10 00:17:04
88,17908,17908,13.0,2022-10-10 00:00:13,2022-10-10 07:44:38
89,32961,32961,7.0,2022-10-10 00:00:13,2022-10-10 08:41:56
90,36210,36210,16.0,2022-10-10 00:00:13,2022-10-10 08:16:46
91,18966,18966,44.0,2022-10-10 00:00:13,2022-10-10 00:14:22
92,35853,35853,31.0,2022-10-10 00:00:13,2022-10-10 00:29:09
93,34741,34741,6.0,2022-10-10 00:00:13,2022-10-10 00:06:14
94,41600,38390,11.0,2022-10-10 00:00:13,2022-10-10 07:33:44
95,31602,31602,7.0,2022-10-10 00:00:13,2022-10-10 00:31:33
96,19337,19337,29.0,2022-10-10 00:00:13,2022-10-10 00:08:09
97,21112,21112,9.0,2022-10-10 00:00:14,2022-10-10 07:48:11
98,47335,47335,10.0,2022-10-10 00:00:14,2022-10-10 00:29:16
99,39486,39486,12.0,2022-10-10 00:00:14,2022-10-10 00:31:47
100,35853,35853,19.0,2022-10-10 00:00:14,2022-10-10 00:30:20
101,31959,31959,7.0,2022-10-10 00:00:14,2022-10-10 00:46:04
102,23711,23711,7.0,2022-10-10 00:00:14,2022-10-10 00:52:35
103,37914,37914,76.0,2022-10-10 00:00:14,2022-10-10 00:29:55
104,29389,29389,27.0,2022-10-10 00:00:14,2022-10-10 00:14:17
105,11902,11902,4.0,2022-10-10 00:00:14,2022-10-10 10:17:36
106,14413,14413,28.0,2022-10-10 00:00:14,2022-10-10 00:09:06
107,32671,32671,25.0,2022-10-10 00:00:15,2022-10-10 00:27:03
108,20758,20758,13.0,2022-10-10 00:00:15,2022-10-10 01:52:15
109,39370,39370,18.0,2022-10-10 00:00:15,2022-10-10 00:18:44
110,53774,53774,14.0,2022-10-10 00:00:15,2022-10-10 00:53:06
111,37219,37922,14.0,2022-10-10 00:00:15,2022-10-10 00:26:20
112,12615,12615,12.0,2022-10-10 00:00:15,2022-10-10 08:29:41
113,32245,32245,16.0,2022-10-10 00:00:16,2022-10-10 05:49:27
114,39727,39727,13.0,2022-10-10 00:00:16,2022-10-10 07:37:16
115,23242,23242,14.0,2022-10-10 00:00:16,2022-10-10 00:35:33
116,45366,45366,16.0,2022-10-10 00:00:16,2022-10-10 01:02:53
117,16932,16932,11.0,2022-10-10 00:00:16,2022-10-10 05:54:55
118,20752,20752,7.0,2022-10-10 00:00:16,2022-10-10 00:32:06
119,26920,26920,17.0,2022-10-10 00:00:16,2022-10-10 00:07:05
120,30471,30471,6.0,2022-10-10 00:00:17,2022-10-10 07:35:33
121,33661,33661,28.0,2022-10-10 00:00:17,2022-10-10 00:09:25
122,30827,30827,51.0,2022-10-10 00:00:17,2022-10-10 00:10:26
123,25109,25109,11.0,2022-10-10 00:00:17,2022-10-10 00:16:09
124,30471,30471,21.0,2022-10-10 00:00:17,2022-10-10 00:15:04
125,25109,25109,11.0,2022-10-10 00:00:17,2022-10-10 00:00:17
126,29400,29400,9.0,2022-10-10 00:00:17,2022-10-10 08:49:08
127,34397,34397,10.0,2022-10-10 00:00:17,2022-10-10 09:05:47
128,29762,29762,10.0,2022-10-10 00:00:18,2022-10-10 00:16:35
129,28672,28672,4.0,2022-10-10 00:00:18,2022-10-10 01:07:52
130,20754,20754,5.0,2022-10-10 00:00:18,2022-10-10 07:15:48
131,30828,30828,31.0,2022-10-10 00:00:18,2022-10-10 00:08:03
132,33333,33333,4.0,2022-10-10 00:00:18,2022-10-10 00:29:33
133,26210,26210,15.0,2022-10-10 00:00:18,2022-10-10 00:09:29
134,30827,30827,5.0,2022-10-10 00:00:18,2022-10-10 07:59:49
135,12964,12964,12.0,2022-10-10 00:00:18,2022-10-10 00:06:26
136,35458,35458,18.0,2022-10-10 00:00:18,2022-10-10 00:14:05
137,41204,41204,26.0,2022-10-10 00:00:18,2022-10-10 00:07:24
138,25105,25105,8.0,2022-10-10 00:00:18,2022-10-10 00:06:50
139,29033,29033,41.0,2022-10-10 00:00:18,2022-10-10 00:10:48
140,30827,30827,20.0,2022-10-10 00:00:19,2022-10-10 07:24:49
141,32589,32589,11.0,2022-10-10 00:00:19,2022-10-10 00:07:05
142,36659,36661,17.0,2022-10-10 00:00:19,2022-10-10 07:43:13
143,52542,52542,7.0,2022-10-10 00:00:19,2022-10-10 12:26:27
144,46978,44477,21.0,2022-10-10 00:00:19,2022-10-10 00:07:14
145,12565,12565,10.0,2022-10-10 00:00:19,2022-10-10 00:20:15
146,30831,30831,10.0,2022-10-10 00:00:20,2022-10-10 00:11:47
147,18620,18620,2.0,2022-10-10 00:00:20,2022-10-10 23:30:22
148,43101,43101,5.0,2022-10-10 00:00:20,2022-10-10 00:20:01
149,35853,35853,39.0,2022-10-10 00:00:20,2022-10-10 00:15:07
150,44120,44120,6.0,2022-10-10 00:00:20,2022-10-10 06:58:59
151,43405,43405,8.0,2022-10-10 00:00:20,2022-10-10 11:07:30
152,22902,22902,41.0,2022-10-10 00:00:20,2022-10-10 00:07:33
153,29389,29389,20.0,2022-10-10 00:00:20,2022-10-10 08:54:28
154,20036,20036,15.0,2022-10-10 00:00:20,2022-10-10 00:17:47
155,14413,14413,24.0,2022-10-10 00:00:20,2022-10-10 00:18:02
156,45366,45366,26.0,2022-10-10 00:00:20,2022-10-10 00:08:07
157,34397,34397,15.0,2022-10-10 00:00:20,2022-10-10 07:50:08
158,28673,28673,47.0,2022-10-10 00:00:21,2022-10-10 00:10:17
159,39726,39726,60.0,2022-10-10 00:00:21,2022-10-10 00:08:28
160,35853,35853,8.0,2022-10-10 00:00:21,2022-10-10 00:42:46
161,33686,33686,10.0,2022-10-10 00:00:21,2022-10-10 00:17:24
162,29910,29910,11.0,2022-10-10 00:00:21,2022-10-10 00:15:24
163,30810,30810,13.0,2022-10-10 00:00:21,2022-10-10 00:25:51
164,19322,19322,14.0,2022-10-10 00:00:21,2022-10-10 00:22:09
165,34026,34026,19.0,2022-10-10 00:00:22,2022-10-10 01:40:45
166,32593,32593,39.0,2022-10-10 00:00:22,2022-10-10 01:41:38
167,30117,30117,17.0,2022-10-10 00:00:22,2022-10-10 06:11:02
168,45366,45366,11.0,2022-10-10 00:00:22,2022-10-10 01:14:15
169,31167,31167,24.0,2022-10-10 00:00:22,2022-10-10 01:45:52
170,42689,42689,11.0,2022-10-10 00:00:22,2022-10-10 10:08:04
171,21125,21125,6.0,2022-10-10 00:00:22,2022-10-10 08:32:47
172,31959,31959,8.0,2022-10-10 00:00:22,2022-10-10 00:30:17
173,39034,39034,16.0,2022-10-10 00:00:22,2022-10-10 08:04:22
174,41435,41435,24.0,2022-10-10 00:00:22,2022-10-10 08:43:45
175,14414,14414,9.0,2022-10-10 00:00:23,2022-10-10 00:14:30
176,19683,19683,16.0,2022-10-10 00:00:23,2022-10-10 08:10:28
177,13699,13699,9.0,2022-10-10 00:00:23,2022-10-10 09:39:13
178,12971,12971,8.0,2022-10-10 00:00:23,2022-10-10 08:08:49
179,21125,21125,17.0,2022-10-10 00:00:23,2022-10-10 07:51:03
180,47588,47588,14.0,2022-10-10 00:00:23,2022-10-10 00:09:31
181,28672,28672,19.0,2022-10-10 00:00:23,2022-10-10 01:01:05
182,52542,52542,39.0,2022-10-10 00:00:23,2022-10-10 00:10:21
183,23711,23711,12.0,2022-10-10 00:00:23,2022-10-10 00:10:53
184,16510,16510,4.0,2022-10-10 00:00:24,2022-10-10 11:07:39
185,41251,41251,10.0,2022-10-10 00:00:24,2022-10-10 01:17:12
186,19690,19690,14.0,2022-10-10 00:00:24,2022-10-10 00:25:15
187,21475,21475,11.0,2022-10-10 00:00:24,2022-10-10 00:38:47
188,31178,30821,16.0,2022-10-10 00:00:24,2022-10-10 00:29:49
189,20039,20039,30.0,2022-10-10 00:00:24,2022-10-10 02:58:19
190,47335,47335,4.0,2022-10-10 00:00:25,2022-10-10 04:23:43
191,29405,29405,6.0,2022-10-10 00:00:25,2022-10-10 06:41:15
192,32671,32671,17.0,2022-10-10 00:00:25,2022-10-10 00:19:27
193,36075,36075,8.0,2022-10-10 00:00:25,2022-10-10 00:41:04
194,29760,29760,10.0,2022-10-10 00:00:25,2022-10-10 11:30:40
195,12614,12614,18.0,2022-10-10 00:00:25,2022-10-10 00:11:04
196,35849,35849,12.0,2022-10-10 00:00:25,2022-10-10 00:15:44
197,32671,32671,17.0,2022-10-10 00:00:25,2022-10-10 00:00:25
198,24754,24754,26.0,2022-10-10 00:00:25,2022-10-10 00:00:25
199,36210,36210,26.0,2022-10-10 00:00:25,2022-10-10 00:15:17
200,31524,31524,16.0,2022-10-10 00:00:25,2022-10-10 00:55:04
201,19682,19682,2.0,2022-10-10 00:00:25,2022-10-10 23:21:25
202,24754,24754,26.0,2022-10-10 00:00:25,2022-10-10 00:58:01
203,39725,38657,2.0,2022-10-10 00:00:25,2022-10-10 23:47:40
204,16575,16575,41.0,2022-10-10 00:00:25,2022-10-10 00:07:00
205,53774,53774,4.0,2022-10-10 00:00:26,2022-10-10 00:11:52
206,53774,53774,4.0,2022-10-10 00:00:26,2022-10-10 00:00:26
207,44041,44041,14.0,2022-10-10 00:00:26,2022-10-10 00:09:58
208,22693,22693,2.0,2022-10-10 00:00:26,2022-10-10 23:40:15
209,32245,32245,16.0,2022-10-10 00:00:26,2022-10-10 00:27:22
210,29760,29760,4.0,2022-10-10 00:00:26,2022-10-10 08:36:25
211,51443,51443,10.0,2022-10-10 00:00:26,2022-10-10 00:32:39
212,28675,28675,6.0,2022-10-10 00:00:26,2022-10-10 08:14:56
213,45368,45368,11.0,2022-10-10 00:00:26,2022-10-10 08:32:57
214,31881,31881,15.0,2022-10-10 00:00:26,2022-10-10 00:56:37
215,23711,23711,20.0,2022-10-10 00:00:26,2022-10-10 00:43:14
216,50039,50039,23.0,2022-10-10 00:00:26,2022-10-10 00:08:21
217,22542,22902,5.0,2022-10-10 00:00:27,2022-10-10 07:46:18
218,19325,19325,2.0,2022-10-10 00:00:27,2022-10-10 23:34:45
219,33331,33331,14.0,2022-10-10 00:00:27,2022-10-10 01:14:10
220,30165,30522,8.0,2022-10-10 00:00:27,2022-10-10 08:59:13
221,23242,23242,22.0,2022-10-10 00:00:27,2022-10-10 00:13:14
222,47588,47588,7.0,2022-10-10 00:00:27,2022-10-10 07:17:42
223,28330,28330,3.0,2022-10-10 00:00:27,2022-10-10 08:20:23
224,12259,12259,30.0,2022-10-10 00:00:27,2022-10-10 00:11:25
225,54693,54693,4.0,2022-10-10 00:00:27,2022-10-10 08:34:31
226,53226,53226,5.0,2022-10-10 00:00:27,2022-10-10 07:23:25
227,14057,14057,8.0,2022-10-10 00:00:27,2022-10-10 02:14:43
228,31889,31889,8.0,2022-10-10 00:00:27,2022-10-10 00:10:41
229,31595,31595,2.0,2022-10-10 00:00:27,2022-10-10 10:00:39
230,49683,49683,37.0,2022-10-10 00:00:28,2022-10-10 00:12:46
231,19323,19323,14.0,2022-10-10 00:00:28,2022-10-10 00:45:54
232,31090,31090,11.0,2022-10-10 00:00:28,2022-10-10 00:34:15
233,32593,32593,13.0,2022-10-10 00:00:28,2022-10-10 01:07:23
234,28330,28330,12.0,2022-10-10 00:00:28,2022-10-10 00:19:38
235,43405,43405,6.0,2022-10-10 00:00:29,2022-10-10 00:32:39
236,45549,45549,6.0,2022-10-10 00:00:29,2022-10-10 02:39:43
237,21113,21113,9.0,2022-10-10 00:00:29,2022-10-10 00:33:55
238,31179,31179,15.0,2022-10-10 00:00:29,2022-10-10 08:45:58
239,14414,14414,23.0,2022-10-10 00:00:29,2022-10-10 00:08:49
240,36661,36661,18.0,2022-10-10 00:00:29,2022-10-10 01:18:10
241,32245,32245,14.0,2022-10-10 00:00:29,2022-10-10 00:13:25
242,15139,15139,12.0,2022-10-10 00:00:29,2022-10-10 00:12:34
243,12615,12615,22.0,2022-10-10 00:00:30,2022-10-10 00:25:14
244,37728,37728,8.0,2022-10-10 00:00:30,2022-10-10 00:10:08
245,30820,30820,11.0,2022-10-10 00:00:30,2022-10-10 00:22:12
246,32602,32602,32.0,2022-10-10 00:00:30,2022-10-10 00:21:59
247,31958,31958,23.0,2022-10-10 00:00:30,2022-10-10 00:06:47
248,36176,36176,7.0,2022-10-10 00:00:31,2022-10-10 07:12:29
249,13699,13699,19.0,2022-10-10 00:00:31,2022-10-10 01:14:43
250,37968,37968,32.0,2022-10-10 00:00:31,2022-10-10 01:01:02
251,30114,30114,15.0,2022-10-10 00:00:31,2022-10-10 00:38:47
252,14056,14056,5.0,2022-10-10 00:00:31,2022-10-10 02:26:58
253,16575,16575,9.0,2022-10-10 00:00:31,2022-10-10 00:25:45
254,49327,49327,29.0,2022-10-10 00:00:31,2022-10-10 03:12:11
255,30613,30613,5.0,2022-10-10 00:00:31,2022-10-10 01:03:37
256,19323,19323,5.0,2022-10-10 00:00:31,2022-10-10 00:59:54
257,29764,29764,20.0,2022-10-10 00:00:32,2022-10-10 00:10:35
258,30117,30117,4.0,2022-10-10 00:00:32,2022-10-10 06:57:56
259,30113,30113,16.0,2022-10-10 00:00:32,2022-10-10 01:29:01
260,13701,13701,30.0,2022-10-10 00:00:32,2022-10-10 00:00:32
261,21467,21467,23.0,2022-10-10 00:00:32,2022-10-10 00:11:47
262,13701,13701,30.0,2022-10-10 00:00:32,2022-10-10 00:22:06
263,52899,52899,9.0,2022-10-10 00:00:33,2022-10-10 00:10:05
264,18682,18682,15.0,2022-10-10 00:00:33,2022-10-10 01:06:33
265,19322,19322,14.0,2022-10-10 00:00:33,2022-10-10 18:47:06
266,27599,27599,17.0,2022-10-10 00:00:33,2022-10-10 00:10:05
267,18324,18324,7.0,2022-10-10 00:00:33,2022-10-10 07:05:48
268,47588,47588,17.0,2022-10-10 00:00:33,2022-10-10 00:08:37
269,31179,31179,34.0,2022-10-10 00:00:33,2022-10-10 00:46:22
270,36433,36433,15.0,2022-10-10 00:00:33,2022-10-10 08:46:49
271,40539,40539,7.0,2022-10-10 00:00:34,2022-10-10 00:28:04
272,26205,26205,33.0,2022-10-10 00:00:34,2022-10-10 06:55:14
273,18324,18324,10.0,2022-10-10 00:00:34,2022-10-10 01:40:45
274,19682,19682,30.0,2022-10-10 00:00:34,2022-10-10 01:20:57
275,47588,47588,13.0,2022-10-10 00:00:34,2022-10-10 00:07:27
276,32668,32668,15.0,2022-10-10 00:00:34,2022-10-10 00:31:33
277,35853,35853,6.0,2022-10-10 00:00:35,2022-10-10 10:28:37
278,44297,44297,11.0,2022-10-10 00:00:35,2022-10-10 01:06:56
279,32245,32245,13.0,2022-10-10 00:00:35,2022-10-10 07:09:47
280,27973,27973,9.0,2022-10-10 00:00:35,2022-10-10 15:55:33
281,36487,36487,13.0,2022-10-10 00:00:35,2022-10-10 00:08:55
282,21475,21475,20.0,2022-10-10 00:00:35,2022-10-10 00:54:18
283,19685,20752,12.0,2022-10-10 00:00:35,2022-10-10 00:06:56
284,46120,46120,2.0,2022-10-10 00:00:35,2022-10-10 22:19:02
285,38988,38988,6.0,2022-10-10 00:00:35,2022-10-10 01:05:47
286,14770,14412,26.0,2022-10-10 00:00:35,2022-10-10 00:07:26
287,27971,27971,9.0,2022-10-10 00:00:35,2022-10-10 01:00:23
288,31167,31167,14.0,2022-10-10 00:00:35,2022-10-10 02:19:49
289,47945,47945,28.0,2022-10-10 00:00:35,2022-10-10 01:17:47
290,20758,20758,44.0,2022-10-10 00:00:36,2022-10-10 00:31:49
291,28675,28675,4.0,2022-10-10 00:00:36,2022-10-10 09:52:40
292,12978,12978,6.0,2022-10-10 00:00:36,2022-10-10 00:31:20
293,30113,30113,30.0,2022-10-10 00:00:36,2022-10-10 00:19:11
294,28722,28722,16.0,2022-10-10 00:00:36,2022-10-10 00:10:20
295,36210,36210,7.0,2022-10-10 00:00:36,2022-10-10 09:22:48
296,30827,30827,24.0,2022-10-10 00:00:36,2022-10-10 00:09:39
297,43403,43403,10.0,2022-10-10 00:00:36,2022-10-10 00:08:55
298,21125,21125,18.0,2022-10-10 00:00:36,2022-10-10 00:12:19
299,36661,36661,33.0,2022-10-10 00:00:36,2022-10-10 07:49:02
300,26562,26562,9.0,2022-10-10 00:00:37,2022-10-10 00:34:16
301,45366,45366,9.0,2022-10-10 00:00:37,2022-10-10 07:46:07
302,15777,15777,17.0,2022-10-10 00:00:37,2022-10-10 00:09:57
303,53963,53963,18.0,2022-10-10 00:00:37,2022-10-10 00:09:20
304,21114,21114,11.0,2022-10-10 00:00:37,2022-10-10 06:32:53
305,52185,52185,25.0,2022-10-10 00:00:37,2022-10-10 00:14:58
306,19321,19321,28.0,2022-10-10 00:00:37,2022-10-10 08:20:11
307,12972,12972,17.0,2022-10-10 00:00:38,2022-10-10 00:19:10
308,19323,19323,39.0,2022-10-10 00:00:38,2022-10-10 00:12:41
309,25029,25029,14.0,2022-10-10 00:00:38,2022-10-10 09:41:11
310,30113,30113,19.0,2022-10-10 00:00:38,2022-10-10 00:13:23
311,49107,49107,5.0,2022-10-10 00:00:38,2022-10-10 20:16:11
312,27242,27600,19.0,2022-10-10 00:00:38,2022-10-10 00:10:19
313,41196,41196,14.0,2022-10-10 00:00:38,2022-10-10 00:41:20
314,20037,20037,12.0,2022-10-10 00:00:38,2022-10-10 00:09:30
315,47334,47334,19.0,2022-10-10 00:00:39,2022-10-10 00:17:32
316,54131,54131,3.0,2022-10-10 00:00:39,2022-10-10 08:36:22
317,39726,39726,19.0,2022-10-10 00:00:39,2022-10-10 00:07:10
318,28010,28010,6.0,2022-10-10 00:00:39,2022-10-10 02:10:06
319,52185,52185,9.0,2022-10-10 00:00:39,2022-10-10 12:39:40
320,47334,47334,19.0,2022-10-10 00:00:39,2022-10-10 00:00:39
321,12620,12620,29.0,2022-10-10 00:00:39,2022-10-10 00:20:29
322,21819,21819,18.0,2022-10-10 00:00:39,2022-10-10 00:07:30
323,54131,54131,3.0,2022-10-10 00:00:39,2022-10-10 00:00:39
324,21831,21831,48.0,2022-10-10 00:00:39,2022-10-10 01:13:21
325,36661,36661,10.0,2022-10-10 00:00:39,2022-10-10 06:35:38
326,43226,43226,18.0,2022-10-10 00:00:39,2022-10-10 05:04:04
327,12620,12620,4.0,2022-10-10 00:00:40,2022-10-10 08:09:29
328,54131,54131,15.0,2022-10-10 00:00:40,2022-10-10 00:13:26
329,30827,30827,13.0,2022-10-10 00:00:40,2022-10-10 07:56:49
330,21832,21832,32.0,2022-10-10 00:00:40,2022-10-10 00:18:25
331,29756,29756,8.0,2022-10-10 00:00:40,2022-10-10 00:21:01
332,36487,36487,9.0,2022-10-10 00:00:40,2022-10-10 00:06:46
333,49327,49325,28.0,2022-10-10 00:00:40,2022-10-10 00:08:13
334,15776,15776,5.0,2022-10-10 00:00:40,2022-10-10 00:11:38
335,32950,32950,33.0,2022-10-10 00:00:40,2022-10-10 00:11:30
336,30879,30879,12.0,2022-10-10 00:00:40,2022-10-10 01:18:08
337,56799,56799,9.0,2022-10-10 00:00:40,2022-10-10 00:08:50
338,14414,14414,12.0,2022-10-10 00:00:41,2022-10-10 14:35:28
339,19322,19322,8.0,2022-10-10 00:00:41,2022-10-10 01:54:15
340,18966,18966,15.0,2022-10-10 00:00:41,2022-10-10 06:32:09
341,33664,33664,15.0,2022-10-10 00:00:41,2022-10-10 00:08:03
342,32591,32591,11.0,2022-10-10 00:00:41,2022-10-10 00:51:59
343,52152,52152,11.0,2022-10-10 00:00:41,2022-10-10 06:29:13
344,21125,21125,39.0,2022-10-10 00:00:41,2022-10-10 00:36:30
345,32948,32948,17.0,2022-10-10 00:00:41,2022-10-10 00:18:33
346,51471,51471,6.0,2022-10-10 00:00:41,2022-10-10 09:07:00
347,22902,22902,30.0,2022-10-10 00:00:41,2022-10-10 00:08:20
348,46121,46121,14.0,2022-10-10 00:00:41,2022-10-10 00:09:19
349,20753,20753,3.0,2022-10-10 00:00:42,2022-10-10 11:16:42
350,12972,12972,13.0,2022-10-10 00:00:42,2022-10-10 04:11:52
351,34017,34017,16.0,2022-10-10 00:00:42,2022-10-10 02:10:34
352,40893,40893,19.0,2022-10-10 00:00:42,2022-10-10 00:07:59
353,29760,29760,12.0,2022-10-10 00:00:42,2022-10-10 00:13:37
354,41602,41608,3.0,2022-10-10 00:00:42,2022-10-10 15:00:22
355,37200,37200,12.0,2022-10-10 00:00:42,2022-10-10 03:22:16
356,30471,30471,10.0,2022-10-10 00:00:42,2022-10-10 00:09:35
357,45758,45758,10.0,2022-10-10 00:00:42,2022-10-10 00:16:19
358,36209,36209,10.0,2022-10-10 00:00:42,2022-10-10 11:56:52
359,30614,30614,10.0,2022-10-10 00:00:42,2022-10-10 00:12:41
360,47334,47334,18.0,2022-10-10 00:00:43,2022-10-10 01:05:00
361,44120,44120,39.0,2022-10-10 00:00:43,2022-10-10 00:09:22
362,47588,47588,38.0,2022-10-10 00:00:43,2022-10-10 01:02:51
363,44120,44120,39.0,2022-10-10 00:00:43,2022-10-10 00:00:43
364,29762,29762,17.0,2022-10-10 00:00:43,2022-10-10 00:15:09
365,31213,31213,53.0,2022-10-10 00:00:43,2022-10-10 00:20:02
366,26225,26225,24.0,2022-10-10 00:00:43,2022-10-10 00:31:03
367,30451,30451,38.0,2022-10-10 00:00:43,2022-10-10 00:09:38
368,31571,31571,23.0,2022-10-10 00:00:43,2022-10-10 00:07:06
369,29762,29762,6.0,2022-10-10 00:00:43,2022-10-10 08:38:29
370,13699,13699,31.0,2022-10-10 00:00:44,2022-10-10 00:22:46
371,37975,18324,6.0,2022-10-10 00:00:44,2022-10-10 08:23:50
372,19322,19322,23.0,2022-10-10 00:00:44,2022-10-10 01:49:09
373,37557,37557,33.0,2022-10-10 00:00:44,2022-10-10 00:18:18
374,37202,37202,12.0,2022-10-10 00:00:44,2022-10-10 01:11:50
375,50728,50728,13.0,2022-10-10 00:00:44,2022-10-10 00:11:41
376,12964,12964,28.0,2022-10-10 00:00:44,2022-10-10 01:02:37
377,45366,45366,30.0,2022-10-10 00:00:44,2022-10-10 00:15:27
378,19334,19334,9.0,2022-10-10 00:00:44,2022-10-10 00:10:42
379,21125,21125,5.0,2022-10-10 00:00:44,2022-10-10 08:24:37
380,13989,13989,25.0,2022-10-10 00:00:45,2022-10-10 00:39:53
381,22542,22542,13.0,2022-10-10 00:00:45,2022-10-10 07:16:20
382,31524,31524,3.0,2022-10-10 00:00:45,2022-10-10 00:08:45
383,22535,23958,15.0,2022-10-10 00:00:45,2022-10-10 09:33:00
384,31213,31213,45.0,2022-10-10 00:00:45,2022-10-10 00:08:34
385,31213,31213,7.0,2022-10-10 00:00:45,2022-10-10 08:21:32
386,39726,39726,25.0,2022-10-10 00:00:45,2022-10-10 05:35:55
387,36661,36661,22.0,2022-10-10 00:00:45,2022-10-10 02:18:27
388,24398,24398,36.0,2022-10-10 00:00:45,2022-10-10 00:13:13
389,54131,54131,6.0,2022-10-10 00:00:46,2022-10-10 00:36:53
390,21124,21124,12.0,2022-10-10 00:00:46,2022-10-10 00:11:32
391,12615,12615,7.0,2022-10-10 00:00:46,2022-10-10 08:37:35
392,32602,32602,13.0,2022-10-10 00:00:46,2022-10-10 00:39:03
393,30822,30822,26.0,2022-10-10 00:00:46,2022-10-10 06:18:21
394,12614,12614,12.0,2022-10-10 00:00:46,2022-10-10 00:54:02
395,24754,24754,28.0,2022-10-10 00:00:46,2022-10-10 00:47:38
396,22546,22546,15.0,2022-10-10 00:00:46,2022-10-10 00:17:53
397,41535,41535,8.0,2022-10-10 00:00:46,2022-10-10 16:40:48
398,45372,45372,20.0,2022-10-10 00:00:46,2022-10-10 01:44:20
399,29032,29032,3.0,2022-10-10 00:00:46,2022-10-10 18:11:45
400,50414,50414,23.0,2022-10-10 00:00:46,2022-10-10 01:03:08
401,20752,20752,34.0,2022-10-10 00:00:46,2022-10-10 00:07:00
402,39726,39726,13.0,2022-10-10 00:00:46,2022-10-10 03:02:32
403,52704,52704,11.0,2022-10-10 00:00:46,2022-10-10 10:31:25
404,19322,19322,16.0,2022-10-10 00:00:47,2022-10-10 00:08:07
405,30822,30822,17.0,2022-10-10 00:00:47,2022-10-10 00:00:47
406,42961,42961,15.0,2022-10-10 00:00:47,2022-10-10 00:10:06
407,17288,17288,7.0,2022-10-10 00:00:47,2022-10-10 10:37:11
408,31959,31959,3.0,2022-10-10 00:00:47,2022-10-10 14:16:07
409,30822,30822,17.0,2022-10-10 00:00:47,2022-10-10 00:15:21
410,19325,19325,19.0,2022-10-10 00:00:47,2022-10-10 00:29:37
411,29764,29764,16.0,2022-10-10 00:00:47,2022-10-10 02:37:23
412,50397,50397,18.0,2022-10-10 00:00:47,2022-10-10 00:09:24
413,31213,31213,28.0,2022-10-10 00:00:47,2022-10-10 00:14:33
414,32669,32669,6.0,2022-10-10 00:00:47,2022-10-10 00:12:38
415,14056,14056,22.0,2022-10-10 00:00:47,2022-10-10 00:07:31
416,34397,34397,10.0,2022-10-10 00:00:47,2022-10-10 08:12:46
417,34397,34397,7.0,2022-10-10 00:00:48,2022-10-10 07:22:35
418,50919,50919,7.0,2022-10-10 00:00:48,2022-10-10 00:13:52
419,21819,21819,33.0,2022-10-10 00:00:48,2022-10-10 00:09:04
420,27973,28329,2.0,2022-10-10 00:00:48,2022-10-10 23:38:09
421,14774,14774,5.0,2022-10-10 00:00:48,2022-10-10 03:30:12
422,54130,54130,3.0,2022-10-10 00:00:48,2022-10-10 08:52:37
423,32245,32245,11.0,2022-10-10 00:00:48,2022-10-10 01:31:54
424,19323,19323,18.0,2022-10-10 00:00:48,2022-10-10 00:18:21
425,33029,33029,4.0,2022-10-10 00:00:49,2022-10-10 15:33:35
426,41607,41607,12.0,2022-10-10 00:00:49,2022-10-10 00:10:37
427,45722,46079,7.0,2022-10-10 00:00:49,2022-10-10 00:08:29
428,30471,30471,21.0,2022-10-10 00:00:49,2022-10-10 00:47:30
429,32663,31958,16.0,2022-10-10 00:00:49,2022-10-10 01:48:09
430,16134,16134,30.0,2022-10-10 00:00:49,2022-10-10 00:15:27
431,34397,34397,9.0,2022-10-10 00:00:49,2022-10-10 00:24:00
432,34754,34754,18.0,2022-10-10 00:00:49,2022-10-10 00:07:02
433,36158,36158,17.0,2022-10-10 00:00:49,2022-10-10 04:53:10
434,37366,37728,7.0,2022-10-10 00:00:49,2022-10-10 00:13:32
435,48747,48747,23.0,2022-10-10 00:00:49,2022-10-10 05:01:54
436,47334,47334,27.0,2022-10-10 00:00:49,2022-10-10 00:30:21
437,31960,31960,9.0,2022-10-10 00:00:49,2022-10-10 07:10:23
438,30453,30453,9.0,2022-10-10 00:00:50,2022-10-10 00:54:18
439,36661,36661,14.0,2022-10-10 00:00:50,2022-10-10 00:28:33
440,24398,24398,13.0,2022-10-10 00:00:50,2022-10-10 09:22:35
441,18682,18682,3.0,2022-10-10 00:00:50,2022-10-10 17:31:52
442,41075,41075,21.0,2022-10-10 00:00:50,2022-10-10 01:04:30
443,54131,54131,6.0,2022-10-10 00:00:50,2022-10-10 07:34:42
444,36661,36661,6.0,2022-10-10 00:00:50,2022-10-10 08:24:31
445,36661,36661,27.0,2022-10-10 00:00:50,2022-10-10 00:57:12
446,21475,21475,19.0,2022-10-10 00:00:50,2022-10-10 00:28:07
447,25134,25134,31.0,2022-10-10 00:00:50,2022-10-10 06:51:48
448,18966,18966,8.0,2022-10-10 00:00:51,2022-10-10 01:50:11
449,30828,30828,9.0,2022-10-10 00:00:51,2022-10-10 00:14:42
450,31168,31168,3.0,2022-10-10 00:00:51,2022-10-10 00:48:52
451,30453,30453,21.0,2022-10-10 00:00:51,2022-10-10 00:10:36
452,37368,37368,14.0,2022-10-10 00:00:51,2022-10-10 10:57:23
453,28676,28676,15.0,2022-10-10 00:00:51,2022-10-10 01:25:46
454,47588,47588,22.0,2022-10-10 00:00:51,2022-10-10 00:09:09
455,17288,17288,28.0,2022-10-10 00:00:52,2022-10-10 00:09:29
456,45549,45549,25.0,2022-10-10 00:00:52,2022-10-10 00:18:04
457,48749,48749,25.0,2022-10-10 00:00:52,2022-10-10 00:35:14
458,48749,48749,25.0,2022-10-10 00:00:52,2022-10-10 00:00:52
459,32315,32315,3.0,2022-10-10 00:00:52,2022-10-10 00:23:14
460,16931,16931,15.0,2022-10-10 00:00:52,2022-10-10 08:15:51
461,29665,29665,4.0,2022-10-10 00:00:52,2022-10-10 08:04:35
462,30114,30114,12.0,2022-10-10 00:00:52,2022-10-10 00:11:47
463,21463,21463,8.0,2022-10-10 00:00:52,2022-10-10 09:15:32
464,25140,24781,23.0,2022-10-10 00:00:52,2022-10-10 00:15:09
465,18966,18966,6.0,2022-10-10 00:00:52,2022-10-10 08:09:11
466,37556,37556,6.0,2022-10-10 00:00:52,2022-10-10 00:08:18
467,28672,28672,24.0,2022-10-10 00:00:53,2022-10-10 07:07:48
468,25501,25501,6.0,2022-10-10 00:00:53,2022-10-10 12:34:00
469,19690,19690,9.0,2022-10-10 00:00:53,2022-10-10 00:43:53
470,14775,14775,18.0,2022-10-10 00:00:53,2022-10-10 00:54:16
471,34397,34397,23.0,2022-10-10 00:00:53,2022-10-10 00:07:55
472,28723,28723,12.0,2022-10-10 00:00:53,2022-10-10 00:11:39
473,16575,16575,12.0,2022-10-10 00:00:53,2022-10-10 00:07:26
474,56799,56799,35.0,2022-10-10 00:00:53,2022-10-10 00:19:06
475,33662,33662,17.0,2022-10-10 00:00:53,2022-10-10 07:11:56
476,52541,52541,10.0,2022-10-10 00:00:53,2022-10-10 00:11:42
477,19323,19323,14.0,2022-10-10 00:00:53,2022-10-10 00:29:06
478,28675,28675,5.0,2022-10-10 00:00:53,2022-10-10 10:00:43
479,21482,21482,26.0,2022-10-10 00:00:54,2022-10-10 08:31:42
480,27258,27258,26.0,2022-10-10 00:00:54,2022-10-10 00:31:51
481,19678,19678,3.0,2022-10-10 00:00:54,2022-10-10 13:25:51
482,32314,32314,10.0,2022-10-10 00:00:54,2022-10-10 08:09:29
483,12971,12971,26.0,2022-10-10 00:00:54,2022-10-10 00:43:17
484,12978,12978,12.0,2022-10-10 00:00:54,2022-10-10 00:16:56
485,36661,36661,7.0,2022-10-10 00:00:54,2022-10-10 00:12:35
486,32318,32318,12.0,2022-10-10 00:00:54,2022-10-10 00:12:25
487,23255,23255,17.0,2022-10-10 00:00:54,2022-10-10 00:19:28
488,52163,52163,12.0,2022-10-10 00:00:54,2022-10-10 00:19:41
489,31240,31240,15.0,2022-10-10 00:00:54,2022-10-10 00:13:27
490,17904,19330,9.0,2022-10-10 00:00:54,2022-10-10 00:22:14
491,52542,52542,11.0,2022-10-10 00:00:54,2022-10-10 00:37:24
492,29033,29033,4.0,2022-10-10 00:00:55,2022-10-10 12:21:06
493,26205,26205,43.0,2022-10-10 00:00:55,2022-10-10 00:15:50
494,39726,39726,34.0,2022-10-10 00:00:55,2022-10-10 00:17:38
495,25114,25114,14.0,2022-10-10 00:00:55,2022-10-10 04:21:19
496,32245,32245,9.0,2022-10-10 00:00:55,2022-10-10 00:23:50
497,21116,21116,8.0,2022-10-10 00:00:55,2022-10-10 11:57:28
498,14412,14412,15.0,2022-10-10 00:00:55,2022-10-10 00:07:30
499,28672,28672,39.0,2022-10-10 00:00:55,2022-10-10 00:21:34
